timestamp,ticker,score
2021-01-11,MARA,128
2021-01-11,GM,164
2021-01-12,DASH,139
2021-01-12,PLUG,835
2021-01-12,F,223
2021-01-12,GOEV,666
2021-01-12,FCEL,281
2021-01-12,FUBO,187
2021-01-13,CRSR,401
2021-01-13,ARK,301
2021-01-13,TSM,131
2021-01-13,APHA,233
2021-01-13,SPCE,378
2021-01-13,INTC,294
2021-01-13,GME,11569
2021-01-13,VW,106
2021-01-14,TLRY,478
2021-01-14,RIDE,187
2021-01-14,BB,3687
2021-01-14,BBBY,541
2021-01-14,NOK,115
2021-01-15,AMC,256
2021-01-19,NFLX,616
2021-01-21,TQQQ,124
2021-01-21,AMD,622
2021-01-22,BNGO,246
2021-01-27,SLV,2319
2021-01-27,GE,140
2021-01-27,ZOM,236
2021-01-27,SNDL,1214
2021-01-27,CCL,131
2021-01-27,AAL,216
2021-01-27,AG,213
2021-01-28,JPM,153
2021-01-28,SOFI,1464
2021-01-29,SQ,220
2021-01-29,MU,108
2021-01-29,RKT,251
2021-01-29,NAKD,979
2021-01-30,SPY,1135
2021-01-31,UVXY,100
2021-02-01,WISH,635
2021-02-02,AMZN,440
2021-02-02,SAVA,479
2021-02-02,OCGN,124
2021-02-03,APHA,358
2021-02-03,GME,79970
2021-02-03,SPCE,359
2021-02-04,RIDE,325
2021-02-04,SNAP,128
2021-02-04,VW,896
2021-02-04,PTON,102
2021-02-04,NOK,1154
2021-02-04,CLOV,298
2021-02-05,AMC,8721
2021-02-08,DIS,129
2021-02-08,CLNE,109
2021-02-08,MVIS,116
2021-02-08,MARA,114
2021-02-09,TLRY,1921
2021-02-09,CRSR,666
2021-02-11,SENS,309
2021-02-11,DASH,105
2021-02-11,TSM,210
2021-02-12,RIOT,117
2021-02-17,QS,112
2021-02-17,SNDL,163
2021-02-19,SOS,142
2021-02-21,BA,176
2021-02-22,RKT,284
2021-02-22,CCIV,467
2021-02-22,CCL,208
2021-02-22,AAL,158
2021-02-22,AG,188
2021-02-23,RBLX,104
2021-02-23,QQQ,173
2021-02-23,WKHS,788
2021-02-23,SQ,169
2021-02-24,NAKD,112
2021-02-24,GE,127
2021-02-24,ZOM,124
2021-02-25,GME,74924
2021-02-25,VIX,328
2021-02-25,RIDE,105
2021-02-25,VXX,116
2021-02-25,NOK,1124
2021-02-25,UVXY,147
2021-02-26,OCGN,101
2021-02-26,AMC,7434
2021-03-02,UWMC,2200
2021-03-02,ASO,102
2021-03-02,FUBO,270
2021-03-07,DASH,154
2021-03-07,SPCE,440
2021-03-11,GOEV,124
2021-03-15,RKT,535
2021-03-16,RBLX,139
2021-03-17,PLUG,225
2021-03-18,UPST,181
2021-03-18,RIDE,145
2021-03-23,MSFT,533
2021-03-23,UWMC,158
2021-03-24,SLV,1196
2021-03-24,VW,458
2021-03-26,VIAC,282
2021-03-26,ROOT,132
2021-03-26,FUBO,114
2021-03-28,ARK,307
2021-03-30,ASO,119
2021-03-31,MVIS,440
2021-03-31,CLF,165
2021-04-02,TSM,152
2021-04-07,SOS,145
2021-04-07,PYPL,102
2021-04-07,SQ,143
2021-04-08,RIDE,119
2021-04-11,BABA,207
2021-04-12,NVDA,193
2021-04-13,RBLX,121
2021-04-13,COIN,305
2021-04-15,SPCE,142
2021-04-15,QS,151
2021-04-15,PLUG,188
2021-04-16,CLOV,555
2021-04-20,NFLX,174
2021-04-21,MVIS,1455
2021-04-21,VIAC,255
2021-04-22,PTON,147
2021-04-22,OCGN,197
2021-04-23,NKLA,115
2021-04-23,SKLZ,505
2021-04-24,MNMD,464
2021-04-27,AMD,470
2021-04-27,MSFT,171
2021-04-29,NOK,874
2021-04-30,SLV,129
2021-05-04,CRSR,312
2021-05-04,RKT,804
2021-05-05,ASO,106
2021-05-05,SOS,245
2021-05-06,ARKK,124
2021-05-06,COIN,163
2021-05-06,DKNG,103
2021-05-06,SQ,108
2021-05-07,TLRY,242
2021-05-07,AMZN,661
2021-05-07,CLOV,126
2021-05-08,ARK,102
2021-05-08,BABA,665
2021-05-10,PLTR,1825
2021-05-10,SPCE,113
2021-05-11,FUBO,198
2021-05-11,RBLX,567
2021-05-12,UWMC,542
2021-05-12,VIX,139
2021-05-12,MARA,130
2021-05-13,DIS,104
2021-05-13,AMC,2329
2021-05-17,TSLA,1948
2021-05-18,RIDE,151
2021-05-18,F,100
2021-05-20,MNMD,144
2021-05-21,NVDA,236
2021-05-26,SNDL,317
2021-05-26,BB,811
2021-05-27,NOK,184
2021-05-28,TLRY,395
2021-06-01,ASO,114
2021-06-01,SOFI,104
2021-06-01,SPCE,299
2021-06-02,CLNE,312
2021-06-02,BBBY,297
2021-06-02,CLOV,783
2021-06-02,WKHS,237
2021-06-03,AMC,9924
2021-06-04,SENS,123
2021-06-07,BNGO,238
2021-06-08,RIDE,310
2021-06-08,GOEV,211
2021-06-08,ASTS,207
2021-06-08,WISH,4188
2021-06-08,UWMC,457
2021-06-08,ROOT,113
2021-06-09,SDC,156
2021-06-09,CLF,2290
2021-06-09,RKT,425
2021-06-09,F,168
2021-06-09,GME,7218
2021-06-10,OCGN,152
2021-06-11,CRSR,365
2021-06-14,AMZN,221
2021-06-15,DKNG,768
2021-06-16,BB,1143
2021-06-17,NVDA,218
2021-06-22,PLUG,104
2021-06-23,WKHS,646
2021-06-23,CLOV,1195
2021-06-23,CLNE,359
2021-06-24,TSLA,3056
2021-06-24,PSFE,364
2021-06-25,NOK,311
2021-06-25,SPCE,894
2021-06-25,SOFI,138
2021-06-28,NIO,220
2021-06-28,FB,113
2021-06-28,VIAC,241
2021-06-29,WISH,801
2021-06-30,BBBY,136
2021-06-30,MU,326
2021-06-30,CLF,143
2021-06-30,GOEV,201
2021-06-30,AMD,582
2021-07-05,BABA,274
2021-07-06,AMZN,218
2021-07-07,AAPL,241
2021-07-08,VIX,111
2021-07-12,DIS,108
2021-07-14,NFLX,163
2021-07-14,DKNG,111
2021-07-16,Z,1209
2021-07-16,CRSR,192
2021-07-19,MRNA,178
2021-07-20,NVDA,305
2021-07-21,RBLX,251
2021-07-21,SOFI,447
2021-07-22,MVIS,144
2021-07-22,SNAP,136
2021-07-22,INTC,150
2021-07-23,SPY,863
2021-07-24,LCID,231
2021-07-26,BABA,314
2021-07-26,TSLA,1156
2021-07-26,QQQ,176
2021-07-27,MSFT,236
2021-07-28,AMD,446
2021-07-28,FB,206
2021-07-28,TLRY,602
2021-07-29,AMZN,618
2021-07-29,NOK,246
2021-07-29,NKLA,158
2021-07-30,ARK,156
2021-07-30,MVST,348
2021-07-30,SAVA,127
2021-08-02,SQ,174
2021-08-04,HOOD,718
2021-08-04,GME,2656
2021-08-05,GM,133
2021-08-05,F,175
2021-08-05,VIAC,115
2021-08-09,MRNA,366
2021-08-10,COIN,144
2021-08-10,UPST,380
2021-08-10,PFE,154
2021-08-11,SDC,164
2021-08-12,SOFI,1086
2021-08-12,MU,157
2021-08-12,WISH,1447
2021-08-12,RKT,223
2021-08-12,DIS,153
2021-08-12,PLTR,1059
2021-08-13,UWMC,220
2021-08-13,SPCE,465
2021-08-16,RBLX,106
2021-08-16,ARKK,191
2021-08-16,PSFE,172
2021-08-17,NIO,193
2021-08-18,BABA,392
2021-08-18,SPY,1659
2021-08-19,VIX,114
2021-08-20,AAL,109
2021-08-20,MVST,251
2021-08-20,MSFT,153
2021-08-23,NVDA,311
2021-08-24,INTC,103
2021-08-24,BB,378
2021-08-25,ASTS,205
2021-08-25,GME,2616
2021-08-25,SAVA,103
2021-08-26,PTON,140
2021-08-27,RIDE,101
2021-08-30,ROOT,158
2021-08-30,CRSR,764
2021-08-31,SKLZ,408
2021-09-01,ARK,108
2021-09-01,LCID,155
2021-09-06,CLOV,1230
2021-09-08,SENS,130
2021-09-09,VIX,413
2021-09-09,MVIS,104
2021-09-11,AMZN,1069
2021-09-13,IRNT,316
2021-09-13,TMC,242
2021-09-13,SDC,125
2021-09-14,AAPL,330
2021-09-14,F,161
2021-09-15,MSFT,129
2021-09-16,ASTS,148
2021-09-16,SPX,129
2021-09-19,BABA,391
2021-09-21,WISH,497
2021-09-22,SOFI,382
2021-09-22,FB,105
2021-09-22,BB,456
2021-09-22,GOEV,365
2021-09-22,LCID,450
2021-09-27,CLNE,127
2021-09-30,RIDE,108
2021-09-30,SPCE,159
2021-09-30,BBBY,237
2021-09-30,QQQ,212
2021-10-01,TLRY,107
2021-10-02,GM,462
2021-10-03,TSLA,1097
2021-10-05,PLTR,650
2021-10-05,SDC,345
2021-10-05,MVST,129
2021-10-06,NIO,267
2021-10-07,CRSR,227
2021-10-08,SNDL,318
2021-10-11,CLOV,900
2021-10-12,OCGN,132
2021-10-12,TQQQ,136
2021-10-13,SAVA,230
2021-10-13,SOFI,222
2021-10-15,AMZN,184
2021-10-17,UPST,112
2021-10-18,NFLX,103
2021-10-19,AAPL,196
2021-10-19,BB,700
2021-10-21,INTC,241
2021-10-21,SNAP,380
2021-10-21,FB,210
2021-10-22,CLF,135
2021-10-23,F,132
2021-10-25,TSLA,2237
2021-10-25,DWAC,1015
2021-10-26,HOOD,313
2021-10-26,AMD,334
2021-10-26,MSFT,126
2021-10-26,NVDA,200
2021-10-28,LCID,763
2021-11-01,Z,302
2021-11-01,AAL,125
2021-11-02,OCGN,210
2021-11-02,CRSR,121
2021-11-02,BBBY,420
2021-11-03,SKLZ,104
2021-11-04,DKNG,201
2021-11-04,SQ,118
2021-11-04,SAVA,264
2021-11-04,NKLA,103
2021-11-04,RKT,102
2021-11-04,PTON,553
2021-11-04,MRNA,108
2021-11-05,COIN,127
2021-11-05,PFE,112
2021-11-08,RIOT,130
2021-11-08,RBLX,288
2021-11-08,PYPL,201
2021-11-08,MARA,133
2021-11-08,TLRY,210
2021-11-09,DASH,166
2021-11-09,UPST,257
2021-11-09,PLTR,754
2021-11-09,NIO,120
2021-11-10,SOFI,366
2021-11-10,WISH,698
2021-11-11,ROOT,114
2021-11-11,PSFE,561
2021-11-11,SNDL,266
2021-11-11,GM,130
2021-11-14,SLV,158
2021-11-16,GOEV,232
2021-11-16,NVDA,245
2021-11-16,F,211
2021-11-18,AAPL,239
2021-11-18,BABA,410
2021-11-19,UWMC,341
2021-11-19,LCID,209
2021-11-22,MU,132
2021-11-24,BB,230
2021-11-24,ARK,134
2021-11-26,VIX,171
2021-11-26,MRNA,647
2021-12-01,DKNG,119
2021-12-03,HOOD,178
2021-12-03,ARKK,118
2021-12-06,INTC,143
2021-12-08,GME,1280
2021-12-08,MSFT,659
2021-12-08,DWAC,148
2021-12-09,AMC,472
2021-12-10,AAPL,448
2021-12-13,UWMC,239
2021-12-14,PLTR,2495
2021-12-14,RIDE,358
2021-12-20,MU,111
2021-12-21,BB,278
2021-12-28,HOOD,141
2021-12-29,NIO,167
2021-12-30,RBLX,823
2021-12-30,RIOT,119
2022-01-04,F,707
2022-01-04,AMC,524
2022-01-05,INTC,102
2022-01-06,GME,3598
2022-01-09,ARKK,117
2022-01-10,TLRY,420
2022-01-11,QQQ,318
2022-01-12,DWAC,163
2022-01-13,TSM,183
2022-01-13,SQQQ,109
2022-01-13,SPCE,322
2022-01-13,TQQQ,116
2022-01-13,AA,292
2022-01-13,BB,215
2022-01-13,BYND,143
2022-01-14,SPX,102
2022-01-14,NFLX,162
2022-01-15,WISH,542
2022-01-18,SOFI,576
2022-01-18,ATVI,661
2022-01-18,MSFT,433
2022-01-19,LCID,154
2022-01-19,HOOD,551
2022-01-20,PTON,827
2022-01-20,VIX,293
2022-01-21,AMZN,138
2022-01-23,RIVN,300
2022-01-26,INTC,136
2022-01-27,AAPL,648
2022-01-27,APPL,178
2022-01-29,AMD,670
2022-01-31,PLTR,412
2022-02-01,PYPL,241
2022-02-01,GOOG,208
2022-02-02,FB,1333
2022-02-02,SNAP,147
2022-02-04,NFLX,118
2022-02-06,DIS,139
2022-02-07,DWAC,140
2022-02-07,BABA,172
2022-02-08,TWTR,274
2022-02-10,SAVA,1178
2022-02-10,AFRM,568
2022-02-10,PTON,136
2022-02-14,RBLX,169
2022-02-15,SPCE,233
2022-02-15,PPI,218
2022-02-15,UPST,108
2022-02-16,SHOP,108
2022-02-16,NVDA,1291
2022-02-17,ROKU,213
2022-02-17,DKNG,103
2022-02-17,ZM,390
2022-02-20,TEAM,1614
2022-02-22,TSM,128
2022-02-23,PLTR,380
2022-02-23,FB,169
2022-02-23,CLOV,132
2022-02-24,SQ,124
2022-02-24,RSX,229
2022-02-25,RKT,195
2022-02-27,BP,167
2022-02-28,LCID,104
2022-03-01,INTC,219
2022-03-01,SOFI,304
2022-03-06,BBBY,116
2022-03-08,XOM,113
2022-03-09,AMZN,227
2022-03-10,RIVN,344
2022-03-11,BABA,155
2022-03-14,VXX,137
2022-03-15,AMC,537
2022-03-17,GME,3140
2022-03-19,RSX,217
2022-03-21,NFLX,662
2022-03-21,BA,153
2022-03-24,SNDL,120
2022-03-24,NIO,168
2022-03-24,TLRY,551
2022-03-24,NVDA,340
2022-03-28,BB,129
2022-03-29,HOOD,195
2022-03-29,BBBY,131
2022-03-29,MU,131
2022-03-31,AMD,399
2022-03-31,NOK,103
2022-04-02,WISH,309
2022-04-02,DIS,107
2022-04-03,OXY,188
2022-04-04,TWTR,725
2022-04-05,BABA,181
2022-04-05,DWAC,205
2022-04-05,HMHC,267
2022-04-05,SST,158
2022-04-06,ARKK,147
2022-04-07,APPL,186
2022-04-07,SOFI,188
2022-04-12,COIN,161
2022-04-13,PPI,177
2022-04-14,TSM,117
2022-04-17,FSD,188
2022-04-18,NFLX,166
2022-04-19,CLOV,104
2022-04-20,TSLA,2123
2022-04-20,AMZN,106
2022-04-20,FB,246
2022-04-20,SNAP,111
2022-04-22,BBBY,110
2022-04-24,MSFT,149
2022-04-25,ZIM,143
2022-04-25,TWTR,786
2022-04-26,VIX,504
2022-04-26,DWAC,109
2022-04-26,GOOG,275
2022-04-27,INTC,115
2022-04-27,BYND,130
2022-04-27,PYPL,102
2022-04-28,APPL,185
2022-04-28,AAPL,618
2022-04-28,ARKK,144
2022-04-28,HOOD,626
2022-04-28,F,257
2022-04-28,TGT,235
2022-05-01,PLTR,184
2022-05-03,AMD,688
2022-05-03,ABNB,150
2022-05-07,ARK,184
2022-05-09,RIVN,130
2022-05-09,UPST,190
2022-05-09,COIN,139
2022-05-10,DOW,104
2022-05-10,PTON,170
2022-05-10,RBLX,137
2022-05-10,SOFI,543
2022-05-11,TLRY,106
2022-05-11,DIS,216
2022-05-16,SNDL,136
2022-05-16,NFLX,652
2022-05-16,TWTR,355
2022-05-17,WMT,129
2022-05-18,SPY,1414
2022-05-18,AA,127
2022-05-19,TGT,168
2022-05-21,TSLA,6175
2022-05-23,ZM,294
2022-05-23,BBY,143
2022-05-23,SNAP,531
2022-05-24,SPX,271
2022-05-25,NVDA,818
2022-05-25,GME,1890
2022-05-26,F,166
2022-05-26,BABA,138
2022-05-27,PCE,105
2022-05-31,QT,223
2022-06-01,BA,166
2022-06-02,MSFT,144
2022-06-06,AAPL,292
2022-06-06,TWTR,573
2022-06-06,AMZN,430
2022-06-08,AMC,406
2022-06-08,NIO,143
2022-06-13,COIN,103
2022-06-14,PPI,143
2022-06-15,BP,180
2022-06-16,LCID,212
2022-06-16,SPX,211
2022-06-20,ARKK,221
2022-06-22,BYND,146
2022-06-27,HOOD,348
2022-06-28,PYPL,118
2022-06-29,BBBY,259
2022-06-30,WISH,107
2022-06-30,UPST,115
2022-06-30,MU,135
2022-06-30,CVNA,690
2022-07-03,QT,261
2022-07-05,AMC,487
2022-07-06,GME,3241
2022-07-07,TSLA,3809
2022-07-08,TWTR,847
2022-07-10,SPX,164
2022-07-11,SQQQ,243
2022-07-11,UVXY,158
2022-07-12,BMW,397
2022-07-14,JPM,141
2022-07-14,PPI,110
2022-07-14,AAPL,180
2022-07-14,TLRY,100
2022-07-16,NVDA,160
2022-07-17,RIVN,176
2022-07-18,NFLX,455
2022-07-19,INTC,111
2022-07-21,SNAP,734
2022-07-21,F,159
2022-07-25,WMT,206
2022-07-26,GOOG,417
2022-07-26,MSFT,405
2022-07-28,ROKU,100
2022-07-28,AMZN,426
2022-07-28,TQQQ,143
2022-07-31,V,322
2022-08-01,AMD,286
2022-08-01,HKD,222
2022-08-02,BMW,165
2022-08-02,SOFI,130
2022-08-03,LCID,116
2022-08-04,AMC,1336
2022-08-04,AA,102
2022-08-04,BBBY,451
2022-08-04,TLRY,333
2022-08-04,COIN,331
2022-08-08,BB,109
2022-08-08,BBY,134
2022-08-08,NVDA,270
2022-08-08,PLTR,189
2022-08-08,UPST,138
2022-08-08,GME,2075
2022-08-09,RBLX,156
2022-08-10,DIS,138
2022-08-11,ASTS,100
2022-08-11,RIVN,145
2022-08-14,AMTD,147
2022-08-15,WMT,145
2022-08-16,FUBO,602
2022-08-17,AAPL,214
2022-08-18,NET,958
2022-08-24,SOFI,119
2022-08-24,PTON,111
2022-08-25,BBBY,4540
2022-08-25,TLRY,116
2022-08-26,ZIM,214
2022-08-31,SNAP,120
2022-08-31,NVDA,372
2022-09-02,DTE,711
2022-09-03,NFLX,743
2022-09-04,TWTR,104
2022-09-04,BABA,322
2022-09-04,HKD,141
2022-09-05,ASTS,129
2022-09-05,INTC,144
2022-09-06,DWAC,229
2022-09-13,PPI,126
2022-09-13,SPX,412
2022-09-14,F,102
2022-09-16,SPY,1684
2022-09-16,AMZN,139
2022-09-19,BYND,156
2022-09-22,MSFT,113
2022-09-22,SAVA,127
2022-09-28,AAPL,372
2022-09-28,NFLX,192
2022-09-29,PLTR,103
2022-09-29,PCE,138
2022-10-01,TSLA,3048
2022-10-02,CS,224
2022-10-03,ZM,133
2022-10-04,TWTR,613
2022-10-05,INTC,173
2022-10-06,AMD,208
2022-10-06,TLRY,845
2022-10-09,PYPL,103
2022-10-11,PPI,118
2022-10-13,VIX,369
2022-10-16,APPL,279
2022-10-18,ABNB,765
2022-10-19,NFLX,589
2022-10-19,NIO,186
2022-10-20,SNAP,579
2022-10-21,F,570
2022-10-21,PLTR,208
2022-10-24,BABA,653
2022-10-25,MSFT,333
2022-10-25,GOOG,166
2022-10-26,AMZN,129
2022-10-26,TWTR,237
2022-10-26,AAPL,302
2022-10-26,FB,121
2022-10-27,INTC,208
2022-10-28,GM,201
2022-10-31,SOFI,675
2022-10-31,GME,1509
2022-11-01,AMD,334
2022-11-01,TLRY,168
2022-11-01,AMC,337
2022-11-03,PYPL,118
2022-11-03,COIN,216
2022-11-04,DKNG,115
2022-11-04,ASTS,583
2022-11-06,CVNA,286
2022-11-07,DWAC,230
2022-11-08,UPST,132
2022-11-08,TSLA,1716
2022-11-08,DIS,113
2022-11-11,SNAP,252
2022-11-11,SBF,186
2022-11-14,WMT,117
2022-11-14,PPI,145
2022-11-15,TSM,105
2022-11-15,SPX,241
2022-11-16,NVDA,759
2022-11-16,TGT,129
2022-11-16,PLTR,100
2022-11-20,VW,100
2022-11-20,BBBY,271
2022-11-20,F,141
2022-11-21,AAPL,311
2022-11-29,BB,355
2022-11-30,PCE,114
2022-11-30,BABA,187
2022-12-02,TSLA,2617
2022-12-02,SBF,540
2022-12-02,V,312
2022-12-04,QQQ,294
2022-12-05,TLRY,218
2022-12-05,CVNA,192
2022-12-06,TSM,112
2022-12-06,SPX,206
2022-12-07,ZIM,1184
2022-12-08,PPI,190
2022-12-14,COIN,231
2022-12-19,PYPL,102
2022-12-21,NFLX,256
2022-12-22,AMC,1146
2022-12-22,PCE,128
2022-12-22,SOFI,451
2022-12-23,TSLA,2485
2022-12-25,NVDA,237
2022-12-28,DTE,228
2022-12-28,BB,117
2022-12-28,BP,180
2022-12-28,SPX,281
2023-01-03,PLTR,102
2023-01-04,MSFT,116
2023-01-06,COIN,181
2023-01-11,BBBY,185
2023-01-12,CVNA,106
2023-01-16,BABA,144
2023-01-17,AMC,101
2023-01-18,PPI,282
2023-01-18,SPY,1942
2023-01-18,NFLX,186
2023-01-19,GME,187
2023-01-23,AMD,129
2023-01-24,PLTR,228
2023-01-25,MSFT,498
2023-01-26,FSD,155
2023-01-26,NVDA,363
2023-01-26,INTC,325
2023-01-27,TSLA,3676
2023-01-27,LCID,303
2023-01-29,F,162
2023-01-30,SOFI,129
2023-01-31,SNAP,442
2023-02-02,APPL,252
2023-02-02,VIX,207
2023-02-02,CVNA,188
2023-02-02,AMZN,553
2023-02-02,GOOG,132
2023-02-02,AAPL,894
2023-02-02,GM,138
2023-02-03,MVIS,103
2023-02-06,BBBY,376
2023-02-08,PYPL,111
2023-02-08,DIS,183
2023-02-09,NFLX,2012
2023-02-10,DTE,136
2023-02-11,WWE,199
2023-02-14,PLTR,242
2023-02-14,ABNB,201
2023-02-15,SPX,244
2023-02-15,SHOP,156
2023-02-15,ROKU,174
2023-02-16,PPI,183
2023-02-16,GME,117
2023-02-16,DKNG,102
2023-02-18,MSFT,138
2023-02-21,COIN,109
2023-02-22,NVDA,650
2023-02-22,INTC,205
2023-02-22,SQQQ,138
2023-02-27,AMC,252
2023-03-01,F,118
2023-03-01,CRM,237
2023-03-05,AMZN,229
2023-03-06,UBER,1034
2023-03-06,SOFI,182
2023-03-06,AAPL,218
2023-03-08,BUD,1201
2023-03-09,VIX,249
2023-03-10,JPM,192
2023-03-12,SIVB,140
2023-03-13,SCHW,176
2023-03-15,PPI,122
2023-03-15,FRC,211
2023-03-15,DWAC,362
2023-03-15,CS,381
2023-03-15,GME,360
2023-03-16,AMD,128
2023-03-17,BAC,165
2023-03-19,UBS,991
2023-03-22,COIN,105
2023-03-22,NVDA,768
2023-03-23,NFLX,149
2023-03-23,SQ,170
2023-03-25,F,179
2023-03-27,BABA,248
2023-03-28,LULU,112
2023-03-28,AMC,299
2023-03-28,WMT,337
2023-04-03,GM,105
2023-04-05,BUD,164
2023-04-09,EPA,833
2023-04-10,FRC,512
2023-04-11,Z,139
2023-04-11,APPL,601
2023-04-12,AAPL,255
2023-04-12,SPX,265
2023-04-12,PLTR,111
2023-04-14,JPM,129
2023-04-14,BA,356
2023-04-17,NFLX,102
2023-04-19,MSFT,163
2023-04-19,TSLA,1895
2023-04-22,F,102
2023-04-23,BBBY,376
2023-04-24,AMZN,125
2023-04-27,INTC,204
2023-04-27,GME,187
2023-04-27,SNAP,131
2023-04-29,RIVN,224
2023-05-01,FRC,2390
2023-05-01,SOFI,631
2023-05-02,AMC,192
2023-05-02,AMD,359
2023-05-03,PACW,284
2023-05-03,AAPL,166
2023-05-03,WAL,106
2023-05-05,APPL,166
2023-05-08,PYPL,120
2023-05-08,PLTR,286
2023-05-09,VIX,204
2023-05-09,ABNB,202
2023-05-09,UPST,100
2023-05-10,DIS,160
2023-05-11,HSBC,1523
2023-05-11,GOOG,159
2023-05-18,NFLX,138
2023-05-18,AMZN,177
2023-05-18,NVDA,978
2023-05-21,BABA,128
2023-05-23,AMD,166
2023-05-25,INTC,169
2023-05-25,ARKK,165
2023-05-26,QQQ,312
2023-05-30,PLTR,178
2023-05-30,TGT,120
2023-05-30,BUD,205
2023-05-31,SOFI,205
2023-05-31,CRM,102
2023-06-01,LULU,184
2023-06-02,VIX,274
2023-06-05,MVIS,135
2023-06-05,APPL,355
2023-06-05,AAPL,374
2023-06-07,GME,503
2023-06-08,CVNA,281
2023-06-09,TSLA,1173
2023-06-09,NFLX,256
2023-06-09,NIO,178
2023-06-11,LCID,345
2023-06-12,CCL,124
2023-06-12,BABA,396
2023-06-13,AMD,237
2023-06-14,NVDA,720
2023-06-14,RIVN,129
2023-06-15,SPCE,153
2023-06-15,NKLA,127
2023-06-15,ADBE,212
2023-06-17,INTC,111
2023-06-20,GRND,408
2023-06-26,DIS,178
2023-06-29,CVNA,118
2023-06-29,Z,133
2023-06-29,CAVA,103
2023-06-30,SOFI,163
2023-06-30,AAPL,227
2023-07-01,NFLX,189
2023-07-01,WMT,222
2023-07-02,PYPL,157
2023-07-02,AVGO,156
2023-07-04,BBBY,203
2023-07-04,TSMC,196
2023-07-04,TSM,198
2023-07-05,RIVN,149
2023-07-06,TSLA,1402
2023-07-07,SPX,115
2023-07-10,SAVE,171
2023-07-12,HOOD,125
2023-07-13,UPS,131
2023-07-13,COIN,240
2023-07-14,SNAP,104
2023-07-14,NKLA,130
2023-07-17,F,108
2023-07-17,BUD,197
2023-07-18,RKLB,230
2023-07-18,MSFT,296
2023-07-20,CVNA,322
2023-07-21,AMC,456
2023-07-24,NFLX,154
2023-07-25,PACW,223
2023-07-25,DISH,385
2023-07-25,RTX,268
2023-07-25,GOOG,103
2023-07-26,TLRY,119
2023-07-27,INTC,314
2023-07-29,UPST,147
2023-07-31,PLTR,511
2023-07-31,DIS,308
2023-07-31,SOFI,262
2023-08-01,AMD,594
2023-08-02,PYPL,324
2023-08-02,SHOP,774
2023-08-02,AAPL,215
2023-08-03,AMZN,381
2023-08-07,RIVN,105
2023-08-08,UPS,585
2023-08-11,AMC,262
2023-08-15,SQQQ,121
2023-08-15,NFLX,113
2023-08-16,TQQQ,117
2023-08-19,BUD,138
2023-08-21,NVDA,1084
2023-08-23,AMD,140
2023-08-29,SPX,135
2023-09-01,TSLA,1402
2023-09-01,GME,269
2023-09-02,FSD,180
2023-09-05,AMC,231
2023-09-05,MSOS,576
2023-09-06,DIS,309
2023-09-07,NVAX,186
2023-09-08,NIO,263
2023-09-12,AAPL,301
2023-09-13,NFLX,116
2023-09-16,SNAP,168
2023-09-21,PYPL,112
2023-09-21,SPLK,1197
2023-09-23,TQQQ,147
2023-09-25,TLRY,337
2023-09-25,VIX,126
2023-09-25,SPX,107
2023-09-28,PLTR,134
2023-10-02,UBS,103
2023-10-03,NVAX,131
2023-10-04,NFLX,848
2023-10-05,RIVN,191
2023-10-06,LCID,313
2023-10-06,QQQ,279
2023-10-11,PPI,101
2023-10-12,MSFT,143
2023-10-12,PYPL,138
2023-10-12,GME,163
2023-10-13,AMC,469
2023-10-17,DWAC,138
2023-10-17,NVDA,871
2023-10-18,TSLA,1087
2023-10-19,LLY,177
2023-10-23,HOOD,147
2023-10-25,BB,257
2023-10-26,UPS,154
2023-10-26,AMZN,230
2023-10-29,F,469
2023-10-31,AMD,397
2023-11-02,PLTR,136
2023-11-02,AAPL,289
2023-11-05,RIVN,450
2023-11-09,AMC,410
2023-11-16,BABA,155
2023-11-16,TLRY,2448
2023-11-16,WMT,107
2023-11-16,SNDL,2445
2023-11-17,MSFT,537
2023-11-21,NVDA,1020
2023-11-22,AMD,108
2023-11-22,NFLX,391
2023-11-25,LLY,119
2023-11-27,UPS,110
2023-11-28,GME,119
2023-11-29,GM,700
2023-12-02,HOOD,101
2023-12-03,DIS,103
2023-12-06,SNAP,392
2023-12-06,VIX,132
2023-12-06,PYPL,104
2023-12-08,BA,103
2023-12-09,AAPL,316
2023-12-11,MSFT,360
2023-12-11,QQQ,421
2023-12-12,AVGO,1127
2023-12-12,CAVA,215
2023-12-19,NFLX,829
2023-12-20,AMD,558
2023-12-20,MARA,161
2023-12-22,COIN,493
2023-12-23,AMC,435
2023-12-23,UPS,117
2023-12-25,GM,125
2023-12-26,AMZN,179
2023-12-26,INTC,171
2023-12-26,F,100
2023-12-27,USO,772
2023-12-29,SPX,467
2023-12-31,GOOG,161
2024-01-05,ZIM,164
2024-01-05,SPY,1560
2024-01-06,BA,257
2024-01-08,NVDA,743
2024-01-10,MSFT,113
2024-01-10,TSMC,194
2024-01-10,MARA,165
2024-01-10,TSM,199
2024-01-13,MSOS,105
2024-01-13,TLRY,102
2024-01-15,TSLA,1657
2024-01-16,SAVE,730
2024-01-16,NFLX,156
2024-01-16,AMD,297
2024-01-17,BABA,119
2024-01-18,V,160
2024-01-19,SMCI,172
2024-01-21,AAPL,264
2024-01-22,DWAC,390
2024-01-22,GME,127
2024-01-22,NIO,139
2024-01-22,PYPL,160
2024-01-23,INTC,102
2024-01-25,RIVN,114
2024-01-25,UNH,106
2024-01-26,SOFI,441
2024-01-29,UPS,151
2024-01-30,GOOG,103
2024-01-30,JPM,118
2024-01-30,BA,218
2024-01-30,NVDA,676
2024-01-31,AMZN,109
2024-01-31,MSFT,203
2024-01-31,QQQ,212
2024-02-04,PLTR,127
2024-02-05,BB,250
2024-02-05,LLY,188
2024-02-05,AVGO,102
2024-02-06,F,154
2024-02-06,SNAP,552
2024-02-07,BABA,927
2024-02-07,DIS,198
2024-02-07,APPL,109
2024-02-08,TSM,119
2024-02-09,SMCI,130
2024-02-12,HOOD,111
2024-02-12,DKNG,115
2024-02-15,COIN,387
2024-02-15,SOUN,145
2024-02-16,GME,108
2024-02-18,AAPL,309
2024-02-19,INTC,198
2024-02-20,PANW,236
2024-02-20,NVDA,2685
2024-02-20,LUNR,242
2024-02-21,RIVN,238
2024-02-22,CVNA,373
2024-02-22,SQ,441
2024-02-22,T,405
2024-02-26,HIMS,122
2024-02-26,CAVA,169
2024-02-26,MARA,198
2024-02-27,RKLB,188
2024-02-27,BYND,520
2024-02-27,VKTX,874
2024-02-28,CRM,134
2024-02-28,AMC,145
2024-02-28,SNOW,986
2024-02-29,DELL,140
2024-02-29,CELH,115
2024-02-29,RILY,136
2024-03-01,TSM,201
2024-03-02,BBAI,123
2024-03-04,TGT,105
2024-03-04,TSMC,111
2024-03-04,SMCI,876
2024-03-04,DWAC,171
2024-03-04,MSTR,128
2024-03-04,NIO,133
2024-03-05,ANF,447
2024-03-05,NFLX,470
2024-03-05,CRWD,945
2024-03-06,PLTR,279
2024-03-06,AMZN,714
2024-03-07,GOOG,107
2024-03-07,AVGO,241
2024-03-08,QQQ,500
2024-03-11,INTC,213
2024-03-12,BA,598
2024-03-12,COIN,116
2024-03-12,ZIM,125
2024-03-13,HOOD,181
2024-03-13,SOUN,237
2024-03-13,RDDT,240
2024-03-18,NVO,167
2024-03-20,MU,342
2024-03-20,AMD,648
2024-03-21,AAPL,341
2024-03-21,LULU,212
2024-03-21,NKE,557
2024-03-22,DJT,147
2024-03-23,GME,188
2024-03-25,DWAC,799
2024-03-25,MSTR,206
2024-03-27,TLRY,142
2024-03-27,UPS,233
2024-03-28,AMC,115
2024-03-29,NFLX,178
2024-03-30,SAVE,124
2024-03-31,T,150
2024-04-01,BB,194
2024-04-02,RILY,188
2024-04-02,TSLA,1401
2024-04-02,INTC,419
2024-04-03,TSMC,110
2024-04-03,LUNR,101
2024-04-04,SPX,233
2024-04-04,SPY,1977
2024-04-07,RIVN,135
2024-04-08,ALCC,219
2024-04-09,AMZN,213
2024-04-12,JPM,139
2024-04-12,VIX,129
2024-04-15,DJT,966
2024-04-17,ASML,188
2024-04-18,TSM,1417
2024-04-19,NFLX,399
2024-04-19,SMCI,285
2024-04-19,QQQ,466
2024-04-21,MARA,148
2024-04-23,TSLA,3787
2024-04-24,MSFT,237
2024-04-24,SNAP,202
2024-04-24,GOOG,491
2024-04-25,SOFI,103
2024-04-25,INTC,794
2024-04-29,ALCC,142
2024-04-30,MSOS,114
2024-04-30,AMD,463
2024-04-30,AMZN,700
2024-04-30,TLRY,201
2024-05-01,CVNA,198
2024-05-01,SBUX,569
2024-05-02,COIN,123
2024-05-02,APPL,138
2024-05-02,AAPL,634
2024-05-03,GME,203
2024-05-03,DIS,196
2024-05-04,HIMS,170
2024-05-05,PLTR,214
2024-05-05,RDDT,219
2024-05-06,AMC,236
2024-05-06,HOOD,151
2024-05-06,BA,348
2024-05-07,OKLO,190
2024-05-13,BB,426
2024-05-15,SMCI,116
2024-05-17,ASTS,170
2024-05-20,NFLX,285
2024-05-20,PANW,159
2024-05-22,NVDA,3608
2024-05-24,AMD,291
2024-05-24,GME,144
2024-05-25,TSMC,127
2024-05-27,CAVA,254
2024-05-28,INTC,371
2024-05-29,GM,208
2024-05-29,CRM,199
2024-05-29,ANF,113
2024-05-30,HPE,143
2024-05-30,DELL,1135
2024-06-02,SBUX,215
2024-06-02,LULU,161
2024-06-03,AMC,133
2024-06-03,BRK,1008
2024-06-03,HOOD,188
2024-06-04,CRWD,303
2024-06-04,GRND,120
2024-06-04,HIMS,210
2024-06-05,AAPL,334
2024-06-11,APPL,179
2024-06-12,AVGO,207
2024-06-17,ASTS,294
2024-06-18,MU,128
2024-06-18,TSM,190
2024-06-18,TSMC,107
2024-06-20,NVDA,3315
2024-06-20,AMD,343
2024-06-20,SMCI,150
2024-06-22,QQQ,514
2024-06-23,AMZN,108
2024-06-25,RIVN,353
2024-06-26,BB,122
2024-06-26,GRND,181
2024-06-26,INTC,891
2024-06-27,DJT,140
2024-06-27,HIMS,147
2024-06-27,CHWY,323
2024-06-27,NKE,250
2024-06-29,SNOW,133
2024-06-30,NFLX,269
2024-06-30,JPM,126
2024-07-01,CMG,178
2024-07-01,PYPL,127
2024-07-01,TSLA,1074
2024-07-02,PLTR,134
2024-07-11,VIX,209
2024-07-11,IWM,114
2024-07-13,AVGO,127
2024-07-15,AMZN,155
2024-07-16,TSM,142
2024-07-17,INTC,279
2024-07-17,ASML,269
2024-07-18,TSMC,142
2024-07-19,MSFT,136
2024-07-19,CRWD,1092
2024-07-23,TSLA,1683
2024-07-23,GOOG,177
2024-07-23,UPS,147
2024-07-24,QQQ,560
2024-07-24,CMG,201
2024-07-24,F,101
2024-07-25,ASTS,337
2024-07-26,COIN,146
2024-07-29,TLRY,101
2024-07-29,MCD,409
2024-07-29,PYPL,110
2024-07-30,AMD,856
2024-08-01,VOO,122
2024-08-01,CVNA,202
2024-08-01,AAPL,376
2024-08-02,VIX,263
2024-08-05,HIMS,135
2024-08-05,PLTR,335
2024-08-06,SMCI,773
2024-08-06,TQQQ,106
2024-08-06,RDDT,148
2024-08-06,DIS,121
2024-08-06,LUMN,279
2024-08-07,INTC,781
2024-08-07,HOOD,220
2024-08-13,SBUX,673
2024-08-14,CLOV,109
2024-08-15,ASTS,2002
2024-08-15,RKLB,236
2024-08-15,WMT,129
2024-08-16,RILY,267
2024-08-16,T,177
2024-08-19,LUNR,118
2024-08-19,PANW,388
2024-08-21,TGT,338
2024-08-21,SNOW,289
2024-08-22,CAVA,149
2024-08-24,BA,101
2024-08-27,MSOS,157
2024-08-27,SMCI,143
2024-08-28,NVDA,3827
2024-08-28,CHWY,181
2024-08-29,AAPL,254
2024-08-29,LULU,131
2024-09-03,DJT,109
2024-09-05,AVGO,193
2024-09-06,F,312
2024-09-06,PLTR,110
2024-09-08,TSMC,294
2024-09-09,GOOG,335
2024-09-12,LUNR,109
2024-09-16,SNOW,163
2024-09-16,INTC,1135
2024-09-19,BABA,106
2024-09-20,RKLB,158
2024-09-22,VOO,299
2024-09-23,LUMN,614
2024-09-24,TSLA,581
2024-09-25,MU,424
2024-09-26,BB,119
2024-09-26,V,1063
2024-09-26,SMCI,908
2024-09-27,NIO,314
2024-09-30,PLTR,229
2024-10-01,NKE,211
2024-10-02,CLOV,125
2024-10-08,MSFT,147
2024-10-09,TSMC,100
2024-10-09,TSM,114
2024-10-10,AMD,235
2024-10-10,CELH,105
2024-10-11,MSTR,108
2024-10-12,HOOD,201
2024-10-14,DJT,203
2024-10-14,SOFI,228
2024-10-14,AMZN,134
2024-10-15,NFLX,146
2024-10-15,ASML,348
2024-10-18,OKLO,104
2024-10-18,RDDT,356
2024-10-22,MCD,143
2024-10-23,TSLA,1684
2024-10-23,CVNA,337
2024-10-23,ACHR,109
2024-10-27,CAVA,192
2024-10-27,SAVE,128
2024-10-28,F,203
2024-10-29,GOOG,147
2024-10-30,BA,127
2024-10-30,LLY,235
2024-10-30,PLTR,198
2024-10-30,MSFT,323
2024-10-30,SMCI,1117
2024-10-31,APPL,111
2024-10-31,INTC,1583
2024-10-31,AAPL,191
2024-11-02,AMD,302
2024-11-03,MSTR,260
2024-11-04,DJT,327
2024-11-09,TSM,100
2024-11-10,RKLB,192
2024-11-10,MARA,111
2024-11-11,COIN,166
2024-11-11,SOFI,117
2024-11-13,ASTS,234
2024-11-13,LUNR,400
2024-11-14,CVNA,936
2024-11-15,NFLX,606
2024-11-15,GM,314
2024-11-17,MCD,777
2024-11-19,SNOW,104
2024-11-19,ACHR,134
2024-11-19,WMT,144
2024-11-20,RIVN,164
2024-11-20,SMCI,119
2024-11-20,NVDA,1600
2024-11-20,TGT,216
2024-11-21,RDDT,205
2024-11-24,MSTR,1018
2024-11-25,PLTR,301
2024-11-27,HIMS,165
2024-12-02,PL,732
2024-12-02,RKLB,283
2024-12-02,INTC,517
2024-12-02,MARA,112
2024-12-03,SQ,193
2024-12-04,LUNR,227
2024-12-04,UNH,475
2024-12-05,SOUN,131
2024-12-06,AMZN,116
2024-12-09,GOOG,108
2024-12-10,AMD,342
2024-12-12,AVGO,237
2024-12-13,ACHR,557
2024-12-14,CVNA,141
2024-12-16,MU,122
2024-12-16,TLT,148
2024-12-16,PLTR,461
2024-12-18,VIX,136
2024-12-19,NKE,110
2024-12-21,NVO,154
2024-12-23,TLRY,472
2024-12-24,BYD,213
2024-12-24,MSTR,843
2024-12-26,HIMS,133
2024-12-26,LUNR,216
2024-12-27,INTC,537
2024-12-27,SPY,882
2024-12-28,HOOD,484
2024-12-29,BA,111
2025-01-01,RIVN,111
2025-01-04,CVNA,146
2025-01-06,DJT,439
2025-01-06,AMD,548
2025-01-06,FUBO,447
2025-01-08,NVDA,1855
2025-01-11,BB,224
2025-01-12,GOOG,194
2025-01-15,TSM,146
2025-01-16,AAPL,134
2025-01-17,INTC,862
2025-01-17,RDDT,279
2025-01-21,NFLX,723
2025-01-21,RKLB,267
2025-01-22,ASTS,169
2025-01-23,OKLO,105
2025-01-24,HOOD,100
2025-01-24,NVO,138
2025-01-25,SMCI,121
2025-01-27,MSFT,103
2025-01-27,VIX,139
2025-01-27,TSMC,616
2025-01-27,ASML,275
2025-01-27,SOFI,157
2025-01-28,AMD,591
2025-01-28,RCAT,153
2025-01-29,DJT,153
2025-01-29,TSLA,2271
2025-01-29,BABA,717
2025-01-29,NVDA,2189
2025-01-30,UPS,161
2025-01-31,DEI,118
2025-02-03,PLTR,1264
2025-02-04,BB,101
2025-02-04,GOOG,291
2025-02-05,AMZN,117
2025-02-05,BBAI,238
2025-02-07,RDDT,108
2025-02-11,BYD,172
2025-02-11,F,559
2025-02-13,COIN,152
2025-02-13,HIMS,443
2025-02-14,TSM,236
2025-02-14,NBIS,114
2025-02-16,SMCI,109
2025-02-17,LUNR,199
2025-02-18,RCAT,195
2025-02-18,RIVN,171
2025-02-19,RKLB,187
2025-02-19,CVNA,294
2025-02-20,BABA,213
2025-02-20,WMT,268
2025-02-24,MSFT,171
2025-02-24,PLTR,365
2025-02-26,NVDA,2306
2025-03-03,TSMC,336
2025-03-04,SPX,242
2025-03-05,VIX,156
2025-03-05,MSTR,347
2025-03-06,AVGO,219
2025-03-07,RDDT,290
2025-03-10,TSLA,2419
2025-03-10,TSLQ,141
2025-03-17,BYD,209
2025-03-17,HIMS,184
2025-03-18,GOOG,221
2025-03-20,MU,115
2025-03-25,GME,113
2025-03-26,F,152
2025-03-28,NFLX,106
2025-03-30,HOOD,145
2025-04-03,VIX,289
2025-04-03,AAPL,135
2025-04-04,BABA,239
2025-04-05,SOXL,137
2025-04-06,SPY,1534
2025-04-08,SPX,258
2025-04-08,TQQQ,101
2025-04-08,TSMC,138
2025-04-08,TSM,159
2025-04-09,AMZN,296
2025-04-09,QQQ,310
2025-04-09,DJT,163
2025-04-13,BYD,100
2025-04-15,NVDA,1860
2025-04-15,BA,218
2025-04-16,GLD,174
2025-04-17,UNH,688
2025-04-19,SOFI,116
2025-04-20,ASTS,443
2025-04-20,AMD,275
2025-04-21,NFLX,256
2025-04-22,TSLA,4301
2025-04-24,GOOG,172
2025-04-24,INTC,387
2025-04-25,HOOD,144
2025-04-29,SNAP,132
2025-04-29,HIMS,203
2025-04-29,SMCI,188
2025-04-29,UPS,423
2025-04-29,GM,164
2025-04-30,MSFT,304
2025-04-30,AMZN,112
2025-05-01,MSTR,362
2025-05-01,AAPL,373
2025-05-01,RDDT,483
2025-05-02,PLTR,245
2025-05-04,AMC,145
2025-05-05,F,143
2025-05-10,UNH,149
2025-05-12,TSLQ,272
2025-05-14,AMD,337
2025-05-19,LCID,351
2025-05-20,QBTS,204
2025-05-20,GOOG,179
2025-05-22,TLT,101
2025-05-22,SPX,1171
2025-05-23,AAPL,175
2025-05-23,OKLO,114
2025-05-25,RDDT,124
2025-05-27,RKLB,237
2025-05-27,CRWV,198
2025-05-28,GME,114
2025-05-28,TACO,333
2025-05-28,NVO,109
2025-05-28,NVDA,1966
2025-05-29,DJT,221
2025-05-30,PLTR,583
2025-05-31,UNH,139
2025-06-02,CLBR,426
2025-06-04,APLD,133
2025-06-05,AVGO,116
2025-06-05,NBIS,101
2025-06-05,LULU,142
2025-06-05,HOOD,118
2025-06-05,TSLA,2968
2025-06-10,INTC,169
2025-06-10,BYD,104
2025-06-10,GOOG,228
2025-06-11,IONQ,291
2025-06-11,TMC,307
2025-06-12,BA,936
2025-06-13,ACHR,111
2025-06-16,AMD,315
2025-06-17,RDDT,159
2025-06-17,AAPL,431
2025-06-18,CRCL,319
2025-06-18,ASTS,108
2025-06-23,CLBR,135
2025-06-23,HIMS,576
2025-06-25,MU,155
2025-06-26,NKE,126
2025-06-26,RKLB,171
2025-06-30,MSTR,185
2025-06-30,HOOD,472
2025-07-01,INTC,125
2025-07-06,TACO,122
2025-07-06,ACHR,175
2025-07-07,GOOG,339
2025-07-08,SOFI,115
2025-07-10,OPEN,126
2025-07-10,POET,274
2025-07-10,MP,232
2025-07-15,AMD,222
2025-07-15,NVDA,1080
2025-07-16,ASML,158
2025-07-16,CVNA,102
2025-07-16,PEW,476
2025-07-17,ASTS,123
2025-07-17,RKLB,255
2025-07-17,TSM,123
2025-07-17,NFLX,279
2025-07-17,LCID,131
2025-07-21,GLXY,144
2025-07-21,GME,357
2025-07-22,RKT,953
2025-07-22,DNUT,1830
2025-07-22,KSS,1036
2025-07-23,LUNR,159
2025-07-23,HIMS,105
2025-07-23,TLRY,159
2025-07-23,FUBO,200
2025-07-23,BB,176
2025-07-24,LULU,110
2025-07-24,QQQ,191
2025-07-24,UNH,527
2025-07-24,INTC,458
2025-07-25,UUUU,260
2025-07-25,PLTR,379
2025-07-27,TACO,207
2025-07-28,SMCI,121
2025-07-29,SOFI,459
2025-07-29,NVO,286
2025-07-30,MSFT,469
2025-07-30,RDDT,179
2025-07-31,AMZN,327
2025-07-31,OPEN,121
2025-07-31,AAPL,407
2025-08-05,AMD,1019
2025-08-07,NBIS,109
2025-08-07,RKLB,169
2025-08-07,LLY,231
2025-08-11,BBAI,450
2025-08-11,ACHR,120
2025-08-11,ASTS,130
2025-08-13,TLRY,113
2025-08-14,CRWV,113
2025-08-14,INTC,655
2025-08-14,UNH,1206
2025-08-19,PLTR,944
2025-08-21,WMT,109
2025-08-22,OPEN,640
2025-08-25,SNAP,102
2025-08-27,NVDA,2033
2025-08-29,BABA,343
2025-09-02,GOOG,314
2025-09-04,AVGO,155
2025-09-04,LULU,552
2025-09-05,HOOD,238
2025-09-05,TSLA,1773
2025-09-08,NBIS,647
2025-09-08,ASTS,237
2025-09-08,MSFT,107
2025-09-09,AMZN,180
2025-09-09,UNH,565
2025-09-09,ORCL,386
2025-09-09,AAPL,803
2025-09-10,CRWV,125
2025-09-12,LDI,279
2025-09-12,SPX,202
2025-09-13,TACO,168
2025-09-14,PLTR,440
2025-09-15,SOFI,106
2025-09-18,AMD,256
2025-09-18,INTC,2297
2025-09-19,OKLO,353
2025-09-21,SNAP,145
2025-09-22,BYD,233
2025-09-23,RDDT,161
2025-09-23,MU,351
2025-09-23,BBAI,138
2025-09-24,BABA,257
2025-09-24,RKLB,125
2025-09-29,TLRY,255
2025-09-29,HOOD,164
2025-10-02,MSFT,213
2025-10-02,TSLA,651
2025-10-02,ASTS,150
2025-10-02,AAPL,123
2025-10-02,NBIS,111
2025-10-03,APLD,103
2025-10-04,IREN,127
2025-10-04,RGTI,105
2025-10-05,NFLX,112
2025-10-06,ACHR,186
2025-10-07,POET,1127
2025-10-08,GLD,130
2025-10-08,ORCL,160
2025-10-09,AMD,317
2025-10-10,TACO,268
2025-10-10,SPX,181
2025-10-13,UUUU,301
2025-10-13,OKLO,168
2025-10-15,AMZN,117
2025-10-15,TSM,166
2025-10-16,VIX,225
2025-10-18,RDDT,224
2025-10-20,BYND,256
2025-10-21,SLV,119
2025-10-21,GOOG,147
2025-10-22,DNUT,248
2025-10-22,GME,248
2025-10-23,INTC,455
2025-10-27,SOFI,156
2025-10-28,VOO,105
2025-10-28,MSFT,145
2025-10-28,UNH,244
2025-10-28,NOK,1060
2025-10-28,NVDA,1673
2025-10-29,PLTR,278
2025-10-30,GLD,138
2025-10-30,NFLX,196
2025-10-30,AAPL,237
2025-11-02,POET,226
2025-11-02,HOOD,157
2025-11-03,HIMS,126
2025-11-03,IREN,211
2025-11-04,MSTR,149
2025-11-04,UPS,215
2025-11-04,AMD,540
2025-11-05,SNAP,162
2025-11-06,TSLA,1092
2025-11-10,CRWV,153
2025-11-10,BYND,133
2025-11-10,QQQ,294
2025-11-10,TSMC,136
2025-11-11,NBIS,277
2025-11-18,NVDA,1230
2025-11-20,VIX,202
2025-11-24,NVO,120
2025-11-24,GOOG,285
2025-11-25,MSTR,195
2025-12-02,SNAP,156
2025-12-03,MSFT,171
2025-12-04,ASTS,117
2025-12-04,NFLX,126
2025-12-04,INTC,160
2025-12-05,CVNA,434
2025-12-05,SOFI,118
2025-12-10,ORCL,342
2025-12-10,PLTR,232
2025-12-11,AVGO,265
2025-12-11,RKLB,106
2025-12-11,LULU,100
2025-12-15,TSLA,592
2025-12-15,F,495
2025-12-17,MU,323
2025-12-17,GOOG,319
2025-12-19,RIVN,114
2025-12-22,NVO,146
2025-12-25,ASTS,109
2025-12-26,SLV,266
2025-12-29,INTC,142
2025-12-29,MSFT,194
